,id,firstname,lastname,age,nationality,height,weight,injured,teamID,teamname,appearences,lineups,minutes,position,rating,captain,subIn,subOut,bench,totalShots,shotsOn,totalGoals,goalsConceded,goalAssists,goalSaves,totalPasses,keyPasses,passAccuracy,totalTackles,blocks,interceptions,duelsTotal,duelsWon,dribbleAttempts,dribblesSuccess,dribblesPast,foulsDrawn,foulsCommitted,cardsYel,cardsYelRed,cardsRed,penaltyWon,penaltyCommited,penaltyScored,penaltyMissed,penaltySaved,season
0,17746,Andy,Taylor,35,England,183 cm,76 kg,False,67,Blackburn,0,0,0,Defender,,False,0,0,1,,,0,,,,,,,,,,,,,,,,,0,0,0,,,,,,2004/2005
1,18032,Jon,Stead,38,England,191 cm,76 kg,False,67,Blackburn,29,19,1830,Attacker,,False,10,9,13,,,2,,,,,,,,,,,,,,,,,6,0,0,,,,,,2004/2005
2,18099,Darren,Carter,38,England,188 cm,78 kg,False,54,Birmingham,15,12,1041,Midfielder,,False,3,3,3,,,2,,,,,,,,,,,,,,,,,1,0,0,,,,,,2004/2005
3,18241,Mark,Yeates,36,Republic of Ireland,175 cm,66 kg,False,47,Tottenham,2,0,30,Midfielder,,False,2,0,3,,,0,,,,,,,,,,,,,,,,,1,0,0,,,,,,2004/2005
4,19203,Ashley,Cole,41,England,176 cm,66 kg,False,42,Arsenal,35,35,3150,Defender,,False,0,0,0,,,2,,,,,,,,,,,,,,,,,7,0,0,,,,,,2004/2005
5,19289,Michael,Dawson,38,England,189 cm,79 kg,False,47,Tottenham,5,5,450,Defender,,False,0,0,0,,,0,,,,,,,,,,,,,,,,,2,0,0,,,,,,2004/2005
6,19448,Paul,Gallagher,37,Scotland,183 cm,79 kg,False,67,Blackburn,15,5,521,Midfielder,,False,10,4,15,,,2,,,,,,,,,,,,,,,,,0,0,0,,,,,,2004/2005
7,19488,Danny,Graham,36,England,185 cm,88 kg,False,70,Middlesbrough,11,0,129,Attacker,,False,11,0,13,,,1,,,,,,,,,,,,,,,,,0,0,0,,,,,,2004/2005
8,19670,Darren,Potter,37,Republic of Ireland,185 cm,72 kg,False,40,Liverpool,2,0,53,Midfielder,,False,2,0,2,,,0,,,,,,,,,,,,,,,,,0,0,0,,,,,,2004/2005
9,19879,James,Vaughan,33,England,180 cm,79 kg,False,45,Everton,2,0,26,Attacker,,False,2,0,4,,,1,,,,,,,,,,,,,,,,,0,0,0,,,,,,2004/2005
10,20462,Anthony,McMahon,35,England,180 cm,71 kg,False,70,Middlesbrough,13,12,1076,Defender,,False,1,4,10,,,2,,,,,,,,,,,,,,,,,2,0,0,,,,,,2004/2005
11,44499,Ahmed Hossam Hussein,Abdelhamid,30,Egypt,188 cm,83 kg,False,47,Tottenham,9,4,380,Attacker,,False,5,4,6,,,2,,,,,,,,,,,,,,,,,1,0,0,,,,,,2004/2005
12,47261,Mathieu,Flamini,35,France,178 cm,67 kg,False,42,Arsenal,21,9,950,Midfielder,,False,12,2,14,,,1,,,,,,,,,,,,,,,,,1,0,0,,,,,,2004/2005
13,114876,Thierry,Henry,37,France,188 cm,83 kg,False,42,Arsenal,32,31,2834,Attacker,,False,1,0,1,,,25,,,,,,,,,,,,,,,,,2,0,0,,,,,,2004/2005
14,114896,Danny,Higginbotham,43,Gibraltar,185 cm,77 kg,False,41,Southampton,21,20,1807,Defender,,False,1,0,14,,,1,,,,,,,,,,,,,,,,,0,0,0,,,,,,2004/2005
15,115944,Patrick,Vieira,37,France,193 cm,83 kg,False,42,Arsenal,32,32,2797,Midfielder,,False,0,3,0,,,6,,,,,,,,,,,,,,,,,9,0,0,,,,,,2004/2005
16,117093,Jerzy,Dudek,40,Poland,188 cm,83 kg,False,40,Liverpool,24,24,2160,Goalkeeper,,False,0,0,14,,,0,,,,,,,,,,,,,,,,,0,0,0,,,,,,2004/2005
17,155420,Nicky,Eyre,35,England,178 cm,,False,47,Tottenham,0,0,0,Goalkeeper,,False,0,0,1,,,0,,,,,,,,,,,,,,,,,0,0,0,,,,,,2004/2005
18,167169,Ryan,Jarvis,35,England,183 cm,78 kg,False,71,Norwich,4,1,114,Attacker,,False,3,1,7,,,1,,,,,,,,,,,,,,,,,0,0,0,,,,,,2004/2005
19,233613,Tommy,Black,42,England,,,False,52,Crystal Palace,0,0,0,Midfielder,,False,0,0,1,,,0,,,,,,,,,,,,,,,,,0,0,0,,,,,,2004/2005
20,19153,Gareth,Barry,39,England,183 cm,78 kg,False,66,Aston Villa,34,33,2841,Midfielder,,False,1,5,1,,,7,,,,,,,,,,,,,,,,,2,0,0,,,,,,2004/2005
21,37162,Robin,van Persie,36,Netherlands,183 cm,71 kg,False,42,Arsenal,25,12,1021,Attacker,,False,13,9,19,,,5,,,,,,,,,,,,,,,,,2,0,0,,,,,,2004/2005
22,50978,Justin,Hoyte,36,Trinidad and Tobago,180 cm,68 kg,False,42,Arsenal,5,4,371,Defender,,False,1,0,11,,,0,,,,,,,,,,,,,,,,,0,0,0,,,,,,2004/2005
23,82009,John,Terry,41,England,187 cm,90 kg,False,49,Chelsea,36,36,3240,Defender,,False,0,0,0,,,3,,,,,,,,,,,,,,,,,7,0,0,,,,,,2004/2005
24,87877,Jermaine,Pennant,35,England,173 cm,68 kg,False,54,Birmingham,12,12,1016,Midfielder,,False,0,5,0,,,0,,,,,,,,,,,,,,,,,3,0,0,,,,,,2004/2005
25,90505,Stuart,Taylor,41,England,198 cm,85 kg,False,42,Arsenal,0,0,0,Goalkeeper,,False,0,0,4,,,0,,,,,,,,,,,,,,,,,0,0,0,,,,,,2004/2005
26,114571,Gilberto,Aparecido da Silva,45,Brazil,184 cm,74 kg,False,42,Arsenal,13,13,1126,Midfielder,,False,0,2,0,,,0,,,,,,,,,,,,,,,,,0,0,0,,,,,,2004/2005
27,114745,Mikel,Arteta Amatriain,34,Spain,175 cm,64 kg,False,45,Everton,12,10,810,Midfielder,,False,2,4,2,,,1,,,,,,,,,,,,,,,,,5,0,0,,,,,,2004/2005
28,114808,William,Gallas,37,France,183 cm,72 kg,False,49,Chelsea,28,28,2447,Defender,,False,0,2,5,,,2,,,,,,,,,,,,,,,,,1,0,0,,,,,,2004/2005
29,114812,Thomas,Hitzlsperger,31,Germany,185 cm,80 kg,False,66,Aston Villa,28,17,1579,Midfielder,,False,11,7,13,,,2,,,,,,,,,,,,,,,,,1,0,0,,,,,,2004/2005
30,114814,Luke,Moore,30,England,180 cm,76 kg,False,66,Aston Villa,25,5,833,Attacker,,False,20,4,27,,,1,,,,,,,,,,,,,,,,,1,0,0,,,,,,2004/2005
31,114900,Manuel,Almunia Rivero,37,Spain,190 cm,80 kg,False,42,Arsenal,10,10,900,Goalkeeper,,False,0,0,24,,,0,,,,,,,,,,,,,,,,,0,0,0,,,,,,2004/2005
32,115062,Mikaël,Silvestre,38,France,180 cm,83 kg,False,33,Manchester United,35,33,2948,Defender,,False,2,1,2,,,2,,,,,,,,,,,,,,,,,2,0,1,,,,,,2004/2005
33,115711,Eduardo Cesar,Daude Gaspar,35,Brazil,189 cm,85 kg,False,42,Arsenal,12,6,590,Midfielder,,False,6,3,7,,,2,,,,,,,,,,,,,,,,,1,0,0,,,,,,2004/2005
34,115938,Emmanuel,Eboué,33,Côte d'Ivoire,178 cm,72 kg,False,42,Arsenal,1,0,15,Defender,,False,1,0,7,,,0,,,,,,,,,,,,,,,,,0,0,0,,,,,,2004/2005
35,115955,Robert,Pirès,42,France,185 cm,75 kg,False,42,Arsenal,33,26,2317,Midfielder,,False,7,10,7,,,14,,,,,,,,,,,,,,,,,2,0,0,,,,,,2004/2005
36,115980,Jens,Lehmann,44,Germany,190 cm,87 kg,False,42,Arsenal,28,28,2520,Goalkeeper,,False,0,0,10,,,0,,,,,,,,,,,,,,,,,0,0,0,,,,,,2004/2005
37,117973,Nwankwo Christian,Kanu,37,Nigeria,197 cm,80 kg,False,60,West Brom,28,21,1926,Attacker,,False,7,6,13,,,2,,,,,,,,,,,,,,,,,2,0,0,,,,,,2004/2005
38,231000,Darius,Vassell,33,England,171 cm,74 kg,False,66,Aston Villa,21,17,1403,Attacker,,False,4,9,4,,,2,,,,,,,,,,,,,,,,,0,0,0,,,,,,2004/2005
39,252757,Ulises Hernán,de la Cruz Bernardo,47,Ecuador,178 cm,80 kg,False,66,Aston Villa,34,30,2830,Defender,,False,4,0,7,,,0,,,,,,,,,,,,,,,,,2,0,0,,,,,,2004/2005
40,18928,Peter,Crouch,40,England,201 cm,75 kg,False,41,Southampton,26,18,1774,Attacker,,False,8,1,13,,,12,,,,,,,,,,,,,,,,,1,0,1,,,,,,2004/2005
41,19417,Liam,Ridgewell,37,England,188 cm,77 kg,False,66,Aston Villa,15,12,1127,Defender,,False,3,0,13,,,1,,,,,,,,,,,,,,,,,3,0,1,,,,,,2004/2005
42,28607,Gábor,Király,43,Hungary,191 cm,89 kg,False,52,Crystal Palace,32,32,2880,Goalkeeper,,False,0,0,6,,,0,,,,,,,,,,,,,,,,,3,0,0,,,,,,2004/2005
43,77110,Thomas,Løvendahl Sørensen,45,Denmark,196 cm,89 kg,False,66,Aston Villa,36,36,3196,Goalkeeper,,False,0,1,1,,,0,,,,,,,,,,,,,,,,,1,0,0,,,,,,2004/2005
44,82340,Stephen,Warnock,37,England,178 cm,75 kg,False,40,Liverpool,19,11,804,Defender,,False,8,7,14,,,0,,,,,,,,,,,,,,,,,1,0,0,,,,,,2004/2005
45,82684,Stefan,Moore,35,England,178 cm,,False,66,Aston Villa,1,0,3,Attacker,,False,1,0,4,,,0,,,,,,,,,,,,,,,,,0,0,0,,,,,,2004/2005
46,83026,Peter,Whittingham,34,England,178 cm,63 kg,False,66,Aston Villa,13,5,568,Midfielder,,False,8,4,15,,,1,,,,,,,,,,,,,,,,,1,0,0,,,,,,2004/2005
47,87315,Kieran,Richardson,32,England,175 cm,69 kg,False,60,West Brom,12,11,891,Defender,,False,1,6,1,,,3,,,,,,,,,,,,,,,,,2,0,0,,,,,,2004/2005
48,90516,Shay,Given,41,Republic of Ireland,185 cm,84 kg,False,34,Newcastle,36,36,3240,Goalkeeper,,False,0,0,0,,,0,,,,,,,,,,,,,,,,,1,0,0,,,,,,2004/2005
49,105424,Robbie,Keane,38,Republic of Ireland,175 cm,72 kg,False,47,Tottenham,35,23,2190,Attacker,,False,12,6,13,,,11,,,,,,,,,,,,,,,,,0,0,0,,,,,,2004/2005
50,114752,Charles,N'Zogbia,30,France,171 cm,70 kg,False,34,Newcastle,14,8,804,Midfielder,,False,6,1,7,,,0,,,,,,,,,,,,,,,,,2,0,0,,,,,,2004/2005
51,114757,Richard,Dunne,36,Republic of Ireland,188 cm,95 kg,False,50,Manchester City,35,35,3128,Defender,,False,0,1,0,,,1,,,,,,,,,,,,,,,,,5,0,0,,,,,,2004/2005
52,114790,Kevin,Phillips,41,England,170 cm,70 kg,False,41,Southampton,28,21,2013,Attacker,,False,7,2,11,,,10,,,,,,,,,,,,,,,,,3,0,0,,,,,,2004/2005
53,114817,Jermaine,Jenas,38,England,179 cm,76 kg,False,34,Newcastle,31,28,2528,Midfielder,,False,3,2,3,,,1,,,,,,,,,,,,,,,,,4,0,0,,,,,,2004/2005
54,114850,Luke,Young,42,England,183 cm,78 kg,False,1335,Charlton,36,36,3240,Defender,,False,0,0,0,,,2,,,,,,,,,,,,,,,,,4,0,0,,,,,,2004/2005
55,114851,Emile,Heskey,43,England,187 cm,83 kg,False,54,Birmingham,34,34,2868,Attacker,,False,0,6,0,,,10,,,,,,,,,,,,,,,,,6,0,0,,,,,,2004/2005
56,114884,Zat,Knight,41,England,198 cm,86 kg,False,36,Fulham,35,35,3150,Defender,,False,0,0,3,,,1,,,,,,,,,,,,,,,,,3,0,0,,,,,,2004/2005
57,117327,Eric Daniel,Djemba-Djemba,37,Cameroon,174 cm,75 kg,False,66,Aston Villa,6,4,357,Midfielder,,False,2,2,5,,,0,,,,,,,,,,,,,,,,,2,0,0,,,,,,2004/2005
58,232119,Lee,Hendrie,36,England,178 cm,64 kg,False,66,Aston Villa,29,25,2062,Midfielder,,False,4,14,5,,,5,,,,,,,,,,,,,,,,,9,0,1,,,,,,2004/2005
59,240320,Juan Pablo,Ángel Arango,39,Colombia,186 cm,80 kg,False,66,Aston Villa,35,30,2718,Attacker,,False,5,6,5,,,7,,,,,,,,,,,,,,,,,2,0,0,,,,,,2004/2005
60,17363,Jason,Shackell,38,England,180 cm,83 kg,False,71,Norwich,11,11,990,Defender,,False,0,0,7,,,0,,,,,,,,,,,,,,,,,1,0,0,,,,,,2004/2005
61,19703,Lloyd,Dyer,38,England,173 cm,70 kg,False,60,West Brom,4,0,79,Midfielder,,False,4,0,7,,,0,,,,,,,,,,,,,,,,,0,0,0,,,,,,2004/2005
62,82882,Iain,Turner,34,Scotland,193 cm,88 kg,False,45,Everton,0,0,0,Goalkeeper,,False,0,0,1,,,0,,,,,,,,,,,,,,,,,0,0,0,,,,,,2004/2005
63,83315,Mikael,Forssell,40,Finland,184 cm,79 kg,False,49,Chelsea,1,0,23,Attacker,,False,1,0,2,,,0,,,,,,,,,,,,,,,,,0,0,0,,,,,,2004/2005
64,87896,Paul,Konchesky,40,England,178 cm,69 kg,False,1335,Charlton,27,15,1528,Defender,,False,12,2,17,,,1,,,,,,,,,,,,,,,,,3,0,0,,,,,,2004/2005
65,114859,David,Dunn,37,England,178 cm,88 kg,False,54,Birmingham,11,9,722,Midfielder,,False,2,7,2,,,2,,,,,,,,,,,,,,,,,4,0,0,,,,,,2004/2005
66,114885,Robbie,Blake,45,England,175 cm,76 kg,False,54,Birmingham,11,2,335,Attacker,,False,9,2,14,,,2,,,,,,,,,,,,,,,,,0,0,0,,,,,,2004/2005
67,115936,Stephen,Carr,37,Ireland Republic,175 cm,77 kg,False,34,Newcastle,26,26,2136,Defender,,False,0,5,0,,,1,,,,,,,,,,,,,,,,,5,0,0,,,,,,2004/2005
68,115964,Jonathan,Greening,42,England,180 cm,70 kg,False,60,West Brom,34,32,2841,Midfielder,,False,2,6,2,,,0,,,,,,,,,,,,,,,,,4,0,1,,,,,,2004/2005
69,117530,Michael,Chopra,38,England,175 cm,76 kg,False,34,Newcastle,1,0,14,Attacker,,False,1,0,1,,,0,,,,,,,,,,,,,,,,,0,0,0,,,,,,2004/2005
70,117964,Jesper,Gronkjaer,36,Denmark,187 cm,81 kg,False,54,Birmingham,16,13,1143,Midfielder,,False,3,6,3,,,0,,,,,,,,,,,,,,,,,1,0,0,,,,,,2004/2005
71,230940,Martin,Taylor,42,England,193 cm,95 kg,False,54,Birmingham,7,4,357,Defender,,False,3,2,16,,,0,,,,,,,,,,,,,,,,,1,0,0,,,,,,2004/2005
72,231208,Clinton,Morrison,42,Republic of Ireland,178 cm,63 kg,False,54,Birmingham,26,13,1229,Attacker,,False,13,9,17,,,4,,,,,,,,,,,,,,,,,3,0,0,,,,,,2004/2005
73,231288,Kevin,Lisbie,43,Jamaica,178 cm,69 kg,False,1335,Charlton,17,12,1145,Attacker,,False,5,3,6,,,1,,,,,,,,,,,,,,,,,0,0,0,,,,,,2004/2005
74,231357,Nick,Chadwick,39,England,183 cm,,False,45,Everton,1,0,0,Attacker,,False,1,0,4,,,0,,,,,,,,,,,,,,,,,0,0,0,,,,,,2004/2005
75,231505,Gary,Borrowdale,36,England,183 cm,77 kg,False,52,Crystal Palace,7,2,273,Defender,,False,5,0,12,,,0,,,,,,,,,,,,,,,,,0,0,0,,,,,,2004/2005
76,232241,Julian,Gray,42,England,190 cm,69 kg,False,54,Birmingham,32,18,1919,Midfielder,,False,14,1,14,,,2,,,,,,,,,,,,,,,,,0,0,0,,,,,,2004/2005
77,232646,Jonathan,Fortune,41,England,188 cm,76 kg,False,1335,Charlton,31,28,2585,Defender,,False,3,1,5,,,2,,,,,,,,,,,,,,,,,2,0,0,,,,,,2004/2005
78,232668,Adam,Green,32,England,178 cm,,False,36,Fulham,4,4,360,Defender,,False,0,0,1,,,0,,,,,,,,,,,,,,,,,2,0,0,,,,,,2004/2005
79,232987,Radhi Ben Abdelmajid,Jaidi,38,Tunisia,192 cm,89 kg,False,68,Bolton,27,20,1834,Defender,,False,7,1,11,,,5,,,,,,,,,,,,,,,,,2,0,0,,,,,,2004/2005
80,45024,Andrew,Davies,36,England,188 cm,82 kg,False,70,Middlesbrough,2,2,180,Defender,,False,0,0,2,,,0,,,,,,,,,,,,,,,,,0,0,0,,,,,,2004/2005
81,55588,Njazi,Kuqi,38,Finland,193 cm,85 kg,False,54,Birmingham,0,0,0,Attacker,,False,0,0,1,,,0,,,,,,,,,,,,,,,,,0,0,0,,,,,,2004/2005
82,82000,Tomasz,Kuszczak,36,Poland,191 cm,84 kg,False,60,West Brom,3,2,248,Goalkeeper,,False,1,0,34,,,0,,,,,,,,,,,,,,,,,0,0,0,,,,,,2004/2005
83,83258,Jonathan,Douglas,40,Republic of Ireland,180 cm,75 kg,False,67,Blackburn,1,0,44,Midfielder,,False,1,0,3,,,0,,,,,,,,,,,,,,,,,0,0,0,,,,,,2004/2005
84,83259,Stephen,Kelly,38,Republic of Ireland,183 cm,77 kg,False,47,Tottenham,17,13,1281,Defender,,False,4,1,5,,,2,,,,,,,,,,,,,,,,,1,0,0,,,,,,2004/2005
85,90517,Paul,Robinson,42,England,193 cm,90 kg,False,47,Tottenham,36,36,3214,Goalkeeper,,False,0,1,0,,,0,,,,,,,,,,,,,,,,,0,0,0,,,,,,2004/2005
86,104259,Brett,Emerton,35,Australia,185 cm,85 kg,False,67,Blackburn,37,33,3088,Midfielder,,False,4,4,4,,,4,,,,,,,,,,,,,,,,,4,0,0,,,,,,2004/2005
87,114759,Steven,Reid,40,Republic of Ireland,185 cm,87 kg,False,67,Blackburn,28,23,1960,Defender,,False,5,5,6,,,2,,,,,,,,,,,,,,,,,3,0,0,,,,,,2004/2005
88,114763,Matthew,Upson,37,England,185 cm,72 kg,False,54,Birmingham,36,36,3240,Defender,,False,0,0,0,,,2,,,,,,,,,,,,,,,,,5,0,0,,,,,,2004/2005
89,114866,Danny,Murphy,36,England,175 cm,69 kg,False,1335,Charlton,38,37,3249,Midfielder,,False,1,9,1,,,3,,,,,,,,,,,,,,,,,4,0,0,,,,,,2004/2005
90,114878,Salif Alassane,Diao,36,Senegal,183 cm,73 kg,False,54,Birmingham,2,2,158,Midfielder,,False,0,1,1,,,0,,,,,,,,,,,,,,,,,1,0,0,,,,,,2004/2005
91,115941,Stuart,Parnaby,33,England,181 cm,77 kg,False,70,Middlesbrough,18,16,1368,Defender,,False,2,3,3,,,0,,,,,,,,,,,,,,,,,0,0,0,,,,,,2004/2005
92,115975,Maik,Taylor,50,Northern Ireland,193 cm,90 kg,False,54,Birmingham,38,38,3420,Goalkeeper,,False,0,0,0,,,0,,,,,,,,,,,,,,,,,0,0,0,,,,,,2004/2005
93,115988,Marcus,Bent,43,England,188 cm,76 kg,False,45,Everton,37,31,2690,Attacker,,False,6,16,6,,,6,,,,,,,,,,,,,,,,,2,0,0,,,,,,2004/2005
94,118220,Neill,McCann,39,Scotland,"
    ","
    ",False,41,Southampton,11,5,580,Midfielder,,False,6,1,6,,,0,,,,,,,,,,,,,,,,,3,0,0,,,,,,2004/2005
95,118905,Darren,Purse,44,England,188 cm,79 kg,False,60,West Brom,22,22,1980,Defender,,False,0,0,1,,,0,,,,,,,,,,,,,,,,,2,0,0,,,,,,2004/2005
96,230906,Darren,Ambrose,37,England,183 cm,78 kg,False,34,Newcastle,12,8,741,Midfielder,,False,4,3,13,,,3,,,,,,,,,,,,,,,,,1,0,0,,,,,,2004/2005
97,230939,Ian,Bennett,50,England,183 cm,80 kg,False,54,Birmingham,0,0,0,Goalkeeper,,False,0,0,2,,,0,,,,,,,,,,,,,,,,,0,0,0,,,,,,2004/2005
98,233992,Jamie,Clapham,46,England,175 cm,68 kg,False,54,Birmingham,27,18,1671,Defender,,False,9,1,13,,,0,,,,,,,,,,,,,,,,,0,0,0,,,,,,2004/2005
99,237589,Stern,John,42,Trinidad and Tobago,185 cm,82 kg,False,54,Birmingham,3,0,61,Attacker,,False,3,0,4,,,0,,,,,,,,,,,,,,,,,0,0,0,,,,,,2004/2005
100,83131,Wes,Brown,39,England,185 cm,77 kg,False,33,Manchester United,21,18,1665,Defender,,False,3,1,8,,,1,,,,,,,,,,,,,,,,,1,0,0,,,,,,2004/2005
101,85781,Leon,Best,35,Republic of Ireland,185 cm,76 kg,False,41,Southampton,3,1,78,Attacker,,False,2,1,5,,,0,,,,,,,,,,,,,,,,,0,0,0,,,,,,2004/2005
102,97908,Willo,Flood,36,Republic of Ireland,168 cm,62 kg,False,50,Manchester City,9,4,378,Midfielder,,False,5,2,17,,,1,,,,,,,,,,,,,,,,,1,0,0,,,,,,2004/2005
103,104312,Lucas,Neill,36,Australia,190 cm,76 kg,False,67,Blackburn,36,34,3148,Defender,,False,2,0,2,,,1,,,,,,,,,,,,,,,,,9,0,0,,,,,,2004/2005
104,105166,Nils-Eric,Johansson,41,Sweden,187 cm,83 kg,False,67,Blackburn,22,18,1711,Defender,,False,4,3,12,,,0,,,,,,,,,,,,,,,,,2,0,0,,,,,,2004/2005
105,114772,Nicolas,Anelka,36,France,185 cm,77 kg,False,50,Manchester City,19,18,1511,Attacker,,False,1,3,1,,,7,,,,,,,,,,,,,,,,,0,0,0,,,,,,2004/2005
106,114773,Craig,Bellamy,35,Wales,173 cm,68 kg,False,34,Newcastle,21,21,1788,Attacker,,False,0,6,0,,,7,,,,,,,,,,,,,,,,,2,0,0,,,,,,2004/2005
107,114804,Emmerson Orlando,Boyce,42,Barbados,180 cm,73 kg,False,52,Crystal Palace,27,26,2342,Defender,,False,1,1,3,,,0,,,,,,,,,,,,,,,,,2,0,0,,,,,,2004/2005
108,114862,Yakubu,Aiyegbeni,35,Nigeria,183 cm,83 kg,False,1355,Portsmouth,30,29,2467,Attacker,,False,1,10,1,,,13,,,,,,,,,,,,,,,,,2,0,0,,,,,,2004/2005
109,114880,Ricardo,Fuller,42,Jamaica,191 cm,78 kg,False,1355,Portsmouth,31,13,1470,Attacker,,False,18,6,21,,,1,,,,,,,,,,,,,,,,,4,0,0,,,,,,2004/2005
110,115953,Andy,Reid,39,Republic of Ireland,170 cm,75 kg,False,47,Tottenham,13,13,1077,Midfielder,,False,0,5,0,,,1,,,,,,,,,,,,,,,,,2,0,0,,,,,,2004/2005
111,117222,Paul,Gallacher,42,Scotland,183 cm,68 kg,False,71,Norwich,0,0,0,Goalkeeper,,False,0,0,9,,,0,,,,,,,,,,,,,,,,,0,0,0,,,,,,2004/2005
112,117726,Stephen,Jordan,37,England,183 cm,71 kg,False,50,Manchester City,19,19,1666,Defender,,False,0,1,7,,,0,,,,,,,,,,,,,,,,,5,0,0,,,,,,2004/2005
113,118000,Aaron,Mokoena,41,South Africa,187 cm,79 kg,False,67,Blackburn,16,16,1287,Defender,,False,0,5,0,,,0,,,,,,,,,,,,,,,,,5,0,0,,,,,,2004/2005
114,163805,Robert,Earnshaw,40,Wales,173 cm,68 kg,False,60,West Brom,31,18,1716,Attacker,,False,13,7,16,,,10,,,,,,,,,,,,,,,,,0,0,0,,,,,,2004/2005
115,225949,Henrik,Pedersen,46,Denmark,185 cm,84 kg,False,68,Bolton,27,13,1353,Attacker,,False,14,6,19,,,6,,,,,,,,,,,,,,,,,0,0,0,,,,,,2004/2005
116,231008,Trésor,Lomana LuaLua,41,Congo DR,178 cm,73 kg,False,1355,Portsmouth,25,20,1732,Attacker,,False,5,5,6,,,6,,,,,,,,,,,,,,,,,2,0,1,,,,,,2004/2005
117,231014,Sean,Davis,42,England,178 cm,76 kg,False,47,Tottenham,15,11,1028,Midfielder,,False,4,4,5,,,0,,,,,,,,,,,,,,,,,4,0,0,,,,,,2004/2005
118,231556,Kevin,Poole,52,England,178 cm,75 kg,False,68,Bolton,2,1,92,Goalkeeper,,False,1,0,30,,,0,,,,,,,,,,,,,,,,,0,0,0,,,,,,2004/2005
119,233049,David,Knight,26,England,"
    ","
    ",False,70,Middlesbrough,0,0,0,Goalkeeper,,False,0,0,8,,,0,,,,,,,,,,,,,,,,,0,0,0,,,,,,2004/2005
120,18494,Matthew,Bates,33,England,178 cm,76 kg,False,70,Middlesbrough,2,0,0,Defender,,False,2,0,4,,,0,,,,,,,,,,,,,,,,,0,0,0,,,,,,2004/2005
121,19696,Andrew,Taylor,33,England,178 cm,69 kg,False,70,Middlesbrough,0,0,0,Defender,,False,0,0,1,,,0,,,,,,,,,,,,,,,,,0,0,0,,,,,,2004/2005
122,19708,Gary,O'Neil,38,England,173 cm,60 kg,False,1355,Portsmouth,23,21,1874,Midfielder,,False,2,2,3,,,2,,,,,,,,,,,,,,,,,3,0,0,,,,,,2004/2005
123,20373,Tom,Soares,35,England,183 cm,72 kg,False,52,Crystal Palace,22,16,1553,Midfielder,,False,6,6,7,,,0,,,,,,,,,,,,,,,,,4,0,0,,,,,,2004/2005
124,44837,Jonathan,Spector,35,USA,183 cm,76 kg,False,33,Manchester United,3,2,171,Defender,,False,1,1,3,,,0,,,,,,,,,,,,,,,,,0,0,0,,,,,,2004/2005
125,44863,Aaron,Hughes,42,Northern Ireland,183 cm,70 kg,False,34,Newcastle,22,18,1675,Defender,,False,4,1,11,,,1,,,,,,,,,,,,,,,,,0,0,0,,,,,,2004/2005
126,82138,Shola,Ameobi,37,Nigeria,188 cm,76 kg,False,34,Newcastle,31,17,1672,Attacker,,False,14,5,16,,,2,,,,,,,,,,,,,,,,,3,0,1,,,,,,2004/2005
127,82331,Danny,Butterfield,42,England,180 cm,73 kg,False,52,Crystal Palace,7,7,549,Defender,,False,0,4,1,,,0,,,,,,,,,,,,,,,,,2,0,0,,,,,,2004/2005
128,103381,Liam,Miller,37,Republic of Ireland,170 cm,66 kg,False,33,Manchester United,8,3,265,Midfielder,,False,5,3,12,,,0,,,,,,,,,,,,,,,,,0,0,0,,,,,,2004/2005
129,105409,Kenwyne,Jones,34,Trinidad and Tobago,187 cm,85 kg,False,41,Southampton,2,1,47,Attacker,,False,1,1,1,,,0,,,,,,,,,,,,,,,,,0,0,0,,,,,,2004/2005
130,106733,Lenny,Pidgeley,35,England,191 cm,86 kg,False,49,Chelsea,1,0,8,Goalkeeper,,False,1,0,6,,,0,,,,,,,,,,,,,,,,,0,0,0,,,,,,2004/2005
131,114743,Kevin,Nolan,39,England,180 cm,88 kg,False,68,Bolton,36,27,2496,Midfielder,,False,9,7,9,,,4,,,,,,,,,,,,,,,,,5,0,0,,,,,,2004/2005
132,114747,Sylvain,Distin,39,France,192 cm,85 kg,False,50,Manchester City,38,38,3402,Defender,,False,0,1,0,,,1,,,,,,,,,,,,,,,,,3,0,0,,,,,,2004/2005
133,114765,Jussi,Jääskeläinen,46,Finland,191 cm,81 kg,False,68,Bolton,36,36,3236,Goalkeeper,,False,0,0,0,,,0,,,,,,,,,,,,,,,,,1,0,1,,,,,,2004/2005
134,114874,Adam,Drury,43,England,180 cm,73 kg,False,71,Norwich,33,31,2860,Defender,,False,2,1,5,,,1,,,,,,,,,,,,,,,,,2,0,0,,,,,,2004/2005
135,115966,Andy,O'Brien,42,Republic of Ireland,191 cm,74 kg,False,34,Newcastle,23,21,1947,Defender,,False,2,1,9,,,2,,,,,,,,,,,,,,,,,3,0,0,,,,,,2004/2005
136,117424,Peter,Enckelman,44,Finland,188 cm,89 kg,False,67,Blackburn,1,1,0,Goalkeeper,,False,0,0,38,,,0,,,,,,,,,,,,,,,,,0,0,0,,,,,,2004/2005
137,225884,Khalilou,Fadiga,39,Senegal,183 cm,77 kg,False,68,Bolton,5,0,120,Midfielder,,False,5,0,11,,,0,,,,,,,,,,,,,,,,,0,0,0,,,,,,2004/2005
138,230924,Richard,Hughes,42,Scotland,180 cm,62 kg,False,1355,Portsmouth,16,13,1143,Midfielder,,False,3,2,6,,,0,,,,,,,,,,,,,,,,,4,0,0,,,,,,2004/2005
139,231007,Mauricio,Taricco,48,Argentina,175 cm,73 kg,False,47,Tottenham,0,0,0,Defender,,False,0,0,1,,,0,,,,,,,,,,,,,,,,,0,0,0,,,,,,2004/2005
140,17655,Anthony,Gerrard,34,Republic of Ireland,188 cm,83 kg,False,45,Everton,0,0,0,Defender,,False,0,0,1,,,0,,,,,,,,,,,,,,,,,0,0,0,,,,,,2004/2005
141,20082,Dean,Marney,37,England,183 cm,72 kg,False,47,Tottenham,5,3,300,Midfielder,,False,2,1,6,,,2,,,,,,,,,,,,,,,,,3,0,0,,,,,,2004/2005
142,82017,Chris,Baird,39,Northern Ireland,185 cm,74 kg,False,41,Southampton,0,0,0,Defender,,False,0,0,1,,,0,,,,,,,,,,,,,,,,,0,0,0,,,,,,2004/2005
143,82242,Chris,Eagles,36,England,183 cm,67 kg,False,33,Manchester United,0,0,0,Midfielder,,False,0,0,1,,,0,,,,,,,,,,,,,,,,,0,0,0,,,,,,2004/2005
144,82446,Jay,McEveley,36,Scotland,186 cm,84 kg,False,67,Blackburn,5,5,450,Defender,,False,0,0,4,,,0,,,,,,,,,,,,,,,,,1,0,0,,,,,,2004/2005
145,82860,Michael,Poke,36,England,185 cm,78 kg,False,41,Southampton,0,0,0,Goalkeeper,,False,0,0,5,,,0,,,,,,,,,,,,,,,,,0,0,0,,,,,,2004/2005
146,83020,Liam,Rosenior,37,England,178 cm,72 kg,False,36,Fulham,17,16,1434,Defender,,False,1,1,8,,,0,,,,,,,,,,,,,,,,,3,0,1,,,,,,2004/2005
147,83032,Scott,Parker,37,England,175 cm,69 kg,False,49,Chelsea,4,1,125,Midfielder,,False,3,0,6,,,0,,,,,,,,,,,,,,,,,1,0,0,,,,,,2004/2005
148,87790,Johnnie,Jackson,39,England,185 cm,81 kg,False,47,Tottenham,8,3,272,Midfielder,,False,5,3,5,,,0,,,,,,,,,,,,,,,,,1,0,0,,,,,,2004/2005
149,87873,Jerome,Thomas,38,England,178 cm,74 kg,False,1335,Charlton,24,21,1721,Midfielder,,False,3,15,4,,,3,,,,,,,,,,,,,,,,,3,0,0,,,,,,2004/2005
150,97943,James,McFadden,35,Scotland,178 cm,79 kg,False,45,Everton,22,7,746,Attacker,,False,15,3,27,,,1,,,,,,,,,,,,,,,,,1,0,0,,,,,,2004/2005
151,114760,Steve,Harper,41,England,190 cm,82 kg,False,34,Newcastle,2,2,180,Goalkeeper,,False,0,0,35,,,0,,,,,,,,,,,,,,,,,0,0,0,,,,,,2004/2005
152,114875,Rob,Hulse,42,England,187 cm,78 kg,False,60,West Brom,5,0,85,Attacker,,False,5,0,8,,,0,,,,,,,,,,,,,,,,,0,0,0,,,,,,2004/2005
153,114879,Wayne,Bridge,41,England,180 cm,68 kg,False,49,Chelsea,15,12,1148,Defender,,False,3,2,7,,,0,,,,,,,,,,,,,,,,,0,0,0,,,,,,2004/2005
154,115984,Dean,Kiely,51,Republic of Ireland,185 cm,79 kg,False,1335,Charlton,36,36,3240,Goalkeeper,,False,0,0,2,,,0,,,,,,,,,,,,,,,,,0,0,0,,,,,,2004/2005
155,117966,Dennis,Rommedahl,43,Denmark,178 cm,73 kg,False,1335,Charlton,26,19,1671,Attacker,,False,7,12,9,,,2,,,,,,,,,,,,,,,,,1,0,0,,,,,,2004/2005
156,231255,Jason,Koumas,42,Wales,178 cm,74 kg,False,60,West Brom,10,5,527,Midfielder,,False,5,1,11,,,0,,,,,,,,,,,,,,,,,1,0,0,,,,,,2004/2005
157,231257,Tony,Caig,47,England,183 cm,84 kg,False,34,Newcastle,0,0,0,Goalkeeper,,False,0,0,3,,,0,,,,,,,,,,,,,,,,,0,0,0,,,,,,2004/2005
158,231321,Gary,Doherty,41,Republic of Ireland,188 cm,83 kg,False,71,Norwich,20,17,1500,Defender,,False,3,4,9,,,2,,,,,,,,,,,,,,,,,0,0,0,,,,,,2004/2005
159,232573,Leon,McKenzie,43,England,175 cm,78 kg,False,71,Norwich,37,24,2415,Attacker,,False,13,13,13,,,7,,,,,,,,,,,,,,,,,4,0,0,,,,,,2004/2005
160,2277,Robert,Green,41,England,187 cm,93 kg,False,71,Norwich,38,38,3393,Goalkeeper,,False,0,1,0,,,0,,,,,,,,,,,,,,,,,0,0,0,,,,,,2004/2005
161,15295,Nuno Miguel,Morais Barbosa,37,Portugal,185 cm,76 kg,False,49,Chelsea,2,0,5,Midfielder,,False,2,0,2,,,0,,,,,,,,,,,,,,,,,0,0,0,,,,,,2004/2005
162,89096,Filipe Vilaça,Oliveira,34,Portugal,180 cm,71 kg,False,49,Chelsea,1,0,6,Midfielder,,False,1,0,1,,,0,,,,,,,,,,,,,,,,,0,0,0,,,,,,2004/2005
163,90491,Glen,Johnson,37,England,182 cm,78 kg,False,49,Chelsea,17,13,1157,Defender,,False,4,3,7,,,0,,,,,,,,,,,,,,,,,2,0,0,,,,,,2004/2005
164,90512,Robert,Huth,37,Germany,191 cm,99 kg,False,49,Chelsea,10,6,538,Defender,,False,4,1,9,,,0,,,,,,,,,,,,,,,,,0,0,0,,,,,,2004/2005
165,102731,Didier Yves,Drogba Tébily,40,Côte d'Ivoire,189 cm,80 kg,False,49,Chelsea,26,18,1630,Attacker,,False,8,11,8,,,10,,,,,,,,,,,,,,,,,2,0,0,,,,,,2004/2005
166,103165,Shaun,Wright-Phillips,40,England,168 cm,64 kg,False,50,Manchester City,34,33,2998,Midfielder,,False,1,1,1,,,11,,,,,,,,,,,,,,,,,0,0,0,,,,,,2004/2005
167,104311,Mark,Schwarzer,44,Australia,194 cm,85 kg,False,70,Middlesbrough,31,31,2790,Goalkeeper,,False,0,0,0,,,0,,,,,,,,,,,,,,,,,0,0,0,,,,,,2004/2005
168,114775,Damien,Duff,36,Republic of Ireland,177 cm,70 kg,False,49,Chelsea,30,28,2410,Goalkeeper,,False,2,16,2,,,6,,,,,,,,,,,,,,,,,1,0,0,,,,,,2004/2005
169,114825,Carlo,Cudicini,48,Italy,186 cm,79 kg,False,49,Chelsea,3,3,262,Goalkeeper,,False,0,1,30,,,0,,,,,,,,,,,,,,,,,0,0,0,,,,,,2004/2005
170,114828,Paulo Renato,Rebocho Ferreira,34,Portugal,183 cm,76 kg,False,49,Chelsea,29,29,2610,Defender,,False,0,0,0,,,0,,,,,,,,,,,,,,,,,2,0,0,,,,,,2004/2005
171,114886,Márton,Fülöp,38,Hungary,198 cm,92 kg,False,47,Tottenham,0,0,0,Goalkeeper,,False,0,0,2,,,0,,,,,,,,,,,,,,,,,0,0,0,,,,,,2004/2005
172,115931,Luís,Boa Morte Pereira,36,Portugal,178 cm,73 kg,False,36,Fulham,31,29,2604,Midfielder,,False,2,4,2,,,8,,,,,,,,,,,,,,,,,7,0,0,,,,,,2004/2005
173,118023,Gérémi Sorele,N'Djitap Fotso,43,Cameroon,180 cm,78 kg,False,49,Chelsea,13,6,587,Midfielder,,False,7,2,8,,,0,,,,,,,,,,,,,,,,,1,0,0,,,,,,2004/2005
174,230921,David,Prutton,33,England,185 cm,72 kg,False,41,Southampton,23,19,1732,Midfielder,,False,4,1,4,,,1,,,,,,,,,,,,,,,,,5,0,0,,,,,,2004/2005
175,230938,Jamie,Ashdown,41,England,190 cm,92 kg,False,1355,Portsmouth,16,16,1440,Goalkeeper,,False,0,0,20,,,0,,,,,,,,,,,,,,,,,0,0,0,,,,,,2004/2005
176,230996,Kevin,Kilbane,36,Ireland Republic,183 cm,79 kg,False,45,Everton,38,37,3220,Midfielder,,False,1,6,1,,,1,,,,,,,,,,,,,,,,,3,0,0,,,,,,2004/2005
177,232859,Philip,Ifil,35,England,175 cm,73 kg,False,47,Tottenham,2,2,180,Defender,,False,0,0,2,,,0,,,,,,,,,,,,,,,,,0,0,0,,,,,,2004/2005
178,233571,Elvis,Hammond,41,Ghana,,,False,36,Fulham,1,0,33,Attacker,,False,1,0,6,,,0,,,,,,,,,,,,,,,,,0,0,0,,,,,,2004/2005
179,234123,Mark,Crossley,52,Wales,191 cm,100 kg,False,36,Fulham,5,5,450,Goalkeeper,,False,0,0,30,,,0,,,,,,,,,,,,,,,,,0,0,0,,,,,,2004/2005
180,18837,Julián,Speroni,42,Argentina,186 cm,87 kg,False,52,Crystal Palace,6,6,540,Goalkeeper,,False,0,0,32,,,0,,,,,,,,,,,,,,,,,0,0,0,,,,,,2004/2005
181,28572,Sándor,Torghelle,39,Hungary,186 cm,86 kg,False,52,Crystal Palace,12,3,396,Attacker,,False,9,1,15,,,0,,,,,,,,,,,,,,,,,1,0,0,,,,,,2004/2005
182,77105,Tim,Cahill,40,Australia,178 cm,64 kg,False,45,Everton,33,33,2742,Attacker,,False,0,11,0,,,11,,,,,,,,,,,,,,,,,9,0,0,,,,,,2004/2005
183,82198,Matt,Oakley,44,England,178 cm,70 kg,False,41,Southampton,6,6,377,Midfielder,,False,0,5,4,,,1,,,,,,,,,,,,,,,,,0,0,0,,,,,,2004/2005
184,114746,Leon,Osman,35,England,174 cm,63 kg,False,45,Everton,29,24,2195,Midfielder,,False,5,8,5,,,6,,,,,,,,,,,,,,,,,3,0,0,,,,,,2004/2005
185,114753,Richard,Wright,39,England,188 cm,89 kg,False,45,Everton,6,6,540,Goalkeeper,,False,0,0,31,,,0,,,,,,,,,,,,,,,,,0,0,0,,,,,,2004/2005
186,114755,Tony,Hibbert,35,England,173 cm,70 kg,False,45,Everton,36,35,3184,Defender,,False,1,1,1,,,0,,,,,,,,,,,,,,,,,9,0,0,,,,,,2004/2005
187,114768,Andy,Johnson,34,England,172 cm,64 kg,False,52,Crystal Palace,37,37,3328,Attacker,,False,0,1,0,,,21,,,,,,,,,,,,,,,,,4,0,0,,,,,,2004/2005
188,114797,Joseph Phillip,Yobo,34,Nigeria,188 cm,76 kg,False,45,Everton,27,19,1768,Defender,,False,8,3,14,,,0,,,,,,,,,,,,,,,,,1,0,0,,,,,,2004/2005
189,114801,Phil,Neville,36,England,180 cm,76 kg,False,33,Manchester United,19,12,1068,Midfielder,,False,7,3,18,,,0,,,,,,,,,,,,,,,,,3,0,0,,,,,,2004/2005
190,114838,Simon,Davies,34,Wales,178 cm,76 kg,False,47,Tottenham,21,17,1626,Midfielder,,False,4,3,4,,,0,,,,,,,,,,,,,,,,,0,0,0,,,,,,2004/2005
191,114857,Fitz,Hall,41,England,193 cm,82 kg,False,52,Crystal Palace,36,36,3171,Defender,,False,0,3,0,,,2,,,,,,,,,,,,,,,,,3,0,0,,,,,,2004/2005
192,116023,Tomasz,Radziński,48,Canada,174 cm,75 kg,False,36,Fulham,35,25,2208,Attacker,,False,10,9,13,,,6,,,,,,,,,,,,,,,,,1,0,0,,,,,,2004/2005
193,116344,Joonas,Kolkka,47,Finland,174 cm,71 kg,False,52,Crystal Palace,23,20,1707,Midfielder,,False,3,12,5,,,3,,,,,,,,,,,,,,,,,1,0,0,,,,,,2004/2005
194,190610,Martin,Albrechtsen,41,Denmark,188 cm,90 kg,False,60,West Brom,24,20,1790,Defender,,False,4,8,8,,,0,,,,,,,,,,,,,,,,,1,0,0,,,,,,2004/2005
195,210694,Aki,Riihilahti,45,Finland,182 cm,82 kg,False,52,Crystal Palace,32,28,2252,Midfielder,,False,4,17,5,,,4,,,,,,,,,,,,,,,,,3,0,0,,,,,,2004/2005
196,230926,Anthony,Gardner,34,England,196 cm,88 kg,False,47,Tottenham,17,8,831,Defender,,False,9,1,16,,,0,,,,,,,,,,,,,,,,,0,0,0,,,,,,2004/2005
197,230994,Andy,Griffin,42,England,173 cm,68 kg,False,1355,Portsmouth,22,18,1609,Defender,,False,4,2,6,,,0,,,,,,,,,,,,,,,,,7,0,0,,,,,,2004/2005
198,233864,Russell,Hoult,49,England,193 cm,93 kg,False,60,West Brom,36,36,3172,Goalkeeper,,False,0,1,0,,,0,,,,,,,,,,,,,,,,,1,0,0,,,,,,2004/2005
199,280956,Alan,Stubbs,42,England,"
    ","
    ",False,45,Everton,31,29,2511,Defender,,False,2,3,4,,,1,,,,,,,,,,,,,,,,,1,0,0,,,,,,2004/2005
200,18005,Richard,Duffy,36,Wales,175 cm,65 kg,False,1355,Portsmouth,0,0,0,Defender,,False,0,0,1,,,0,,,,,,,,,,,,,,,,,0,0,0,,,,,,2004/2005
201,82150,Alan,Smith,38,England,178 cm,69 kg,False,33,Manchester United,31,22,2038,Attacker,,False,9,4,11,,,6,,,,,,,,,,,,,,,,,2,0,0,,,,,,2004/2005
202,83261,Dexter,Blackstock,35,Antigua and Barbuda,185 cm,76 kg,False,41,Southampton,9,8,684,Attacker,,False,1,5,1,,,1,,,,,,,,,,,,,,,,,1,0,0,,,,,,2004/2005
203,89051,Zoltán,Gera,42,Hungary,183 cm,75 kg,False,60,West Brom,38,31,2728,Attacker,,False,7,14,7,,,6,,,,,,,,,,,,,,,,,4,0,0,,,,,,2004/2005
204,90657,Xabier,Alonso Olano,36,Spain,183 cm,80 kg,False,40,Liverpool,24,20,1800,Midfielder,,False,4,5,4,,,2,,,,,,,,,,,,,,,,,1,0,0,,,,,,2004/2005
205,104255,Harry,Kewell,39,Australia,180 cm,70 kg,False,40,Liverpool,18,15,1398,Attacker,,False,3,4,3,,,1,,,,,,,,,,,,,,,,,0,0,0,,,,,,2004/2005
206,114744,Adam,Johnson,29,England,178 cm,62 kg,False,70,Middlesbrough,0,0,0,Midfielder,,False,0,0,1,,,0,,,,,,,,,,,,,,,,,0,0,0,,,,,,2004/2005
207,114787,John Arne,Semundseth Riise,41,Norway,185 cm,77 kg,False,40,Liverpool,37,34,2984,Defender,,False,3,12,4,,,6,,,,,,,,,,,,,,,,,2,0,0,,,,,,2004/2005
208,114794,Carlo,Nash,48,England,197 cm,89 kg,False,70,Middlesbrough,2,2,180,Goalkeeper,,False,0,0,27,,,0,,,,,,,,,,,,,,,,,0,0,0,,,,,,2004/2005
209,114819,Jamie,Carragher,43,England,185 cm,83 kg,False,40,Liverpool,38,38,3420,Defender,,False,0,0,0,,,0,,,,,,,,,,,,,,,,,4,0,0,,,,,,2004/2005
210,114820,Louis,Saha,35,France,185 cm,86 kg,False,33,Manchester United,14,7,669,Attacker,,False,7,3,9,,,1,,,,,,,,,,,,,,,,,0,0,0,,,,,,2004/2005
211,114822,Kieron,Dyer,35,England,170 cm,64 kg,False,34,Newcastle,23,20,1761,Midfielder,,False,3,6,3,,,4,,,,,,,,,,,,,,,,,0,0,1,,,,,,2004/2005
212,115080,Sami,Hyypia,40,Finland,195 cm,88 kg,False,40,Liverpool,32,32,2781,Defender,,False,0,2,6,,,2,,,,,,,,,,,,,,,,,2,0,0,,,,,,2004/2005
213,115095,Moritz,Volz,38,Germany,179 cm,80 kg,False,36,Fulham,31,31,2776,Defender,,False,0,1,4,,,0,,,,,,,,,,,,,,,,,5,0,0,,,,,,2004/2005
214,115977,Edwin,van der Sar,51,Netherlands,197 cm,84 kg,False,36,Fulham,33,33,2970,Goalkeeper,,False,0,0,4,,,0,,,,,,,,,,,,,,,,,4,0,0,,,,,,2004/2005
215,155779,Ian,Pearce,47,England,191 cm,90 kg,False,36,Fulham,11,11,990,Defender,,False,0,0,6,,,0,,,,,,,,,,,,,,,,,0,0,0,,,,,,2004/2005
216,219697,Luis Javier,García Sanz,38,Spain,177 cm,65 kg,False,40,Liverpool,29,26,2344,Midfielder,,False,3,8,3,,,8,,,,,,,,,,,,,,,,,6,0,0,,,,,,2004/2005
217,227445,Rohan,Ricketts,39,England,178 cm,70 kg,False,47,Tottenham,6,5,376,Midfielder,,False,1,4,1,,,0,,,,,,,,,,,,,,,,,0,0,0,,,,,,2004/2005
218,230997,George,Boateng,38,Netherlands,182 cm,76 kg,False,70,Middlesbrough,25,25,2249,Midfielder,,False,0,1,0,,,3,,,,,,,,,,,,,,,,,9,0,0,,,,,,2004/2005
219,258514,José Miguel,González Rey,37,Spain,182 cm,82 kg,False,40,Liverpool,15,13,1136,Defender,,False,2,4,3,,,0,,,,,,,,,,,,,,,,,5,0,0,,,,,,2004/2005
220,19162,James,Morrison,33,Scotland,178 cm,64 kg,False,70,Middlesbrough,13,4,515,Midfielder,,False,9,3,16,,,0,,,,,,,,,,,,,,,,,1,0,0,,,,,,2004/2005
221,19504,Darren,Fletcher,35,Scotland,183 cm,83 kg,False,33,Manchester United,18,18,1381,Midfielder,,False,0,11,3,,,3,,,,,,,,,,,,,,,,,0,0,0,,,,,,2004/2005
222,19609,John,O'Shea,38,Republic of Ireland,191 cm,75 kg,False,33,Manchester United,23,16,1486,Defender,,False,7,3,14,,,2,,,,,,,,,,,,,,,,,1,0,0,,,,,,2004/2005
223,32138,Massimo,Maccarone,41,Italy,180 cm,78 kg,False,70,Middlesbrough,0,0,0,Attacker,,False,0,0,1,,,0,,,,,,,,,,,,,,,,,0,0,0,,,,,,2004/2005
224,88681,Konstantinos,Chalkias,47,Greece,199 cm,82 kg,False,1355,Portsmouth,5,5,450,Goalkeeper,,False,0,0,4,,,0,,,,,,,,,,,,,,,,,0,0,0,,,,,,2004/2005
225,90490,Michael,Carrick,40,England,188 cm,74 kg,False,47,Tottenham,29,26,2373,Midfielder,,False,3,2,3,,,0,,,,,,,,,,,,,,,,,1,0,0,,,,,,2004/2005
226,114648,José,Kléberson Pereira,42,Brazil,175 cm,63 kg,False,33,Manchester United,8,6,416,Midfielder,,False,2,6,6,,,0,,,,,,,,,,,,,,,,,1,0,0,,,,,,2004/2005
227,114764,Rio,Ferdinand,43,England,189 cm,82 kg,False,33,Manchester United,31,31,2790,Defender,,False,0,0,0,,,0,,,,,,,,,,,,,,,,,3,0,0,,,,,,2004/2005
228,114774,Ryan,Giggs,41,Wales,180 cm,68 kg,False,33,Manchester United,32,26,2321,Midfielder,,False,6,6,6,,,6,,,,,,,,,,,,,,,,,3,0,0,,,,,,2004/2005
229,114802,Paul,Scholes,39,England,168 cm,70 kg,False,33,Manchester United,33,29,2609,Midfielder,,False,4,7,4,,,9,,,,,,,,,,,,,,,,,3,0,0,,,,,,2004/2005
230,114818,Titus Malachi,Bramble,32,England,185 cm,87 kg,False,34,Newcastle,19,18,1650,Defender,,False,1,0,3,,,1,,,,,,,,,,,,,,,,,2,0,0,,,,,,2004/2005
231,114898,Radek,Cerný,40,Czech Republic,187 cm,87 kg,False,47,Tottenham,3,2,206,Goalkeeper,,False,1,0,12,,,0,,,,,,,,,,,,,,,,,0,0,0,,,,,,2004/2005
232,115074,Ruud,van Nistelrooy,37,Netherlands,188 cm,80 kg,False,33,Manchester United,17,16,1370,Attacker,,False,1,9,1,,,6,,,,,,,,,,,,,,,,,1,0,0,,,,,,2004/2005
233,116975,Ricardo,Lopez Felipe,42,Spain,187 cm,88 kg,False,33,Manchester United,0,0,0,Goalkeeper,,False,0,0,9,,,0,,,,,,,,,,,,,,,,,0,0,0,,,,,,2004/2005
234,116996,Noé Elias,Pamarot,42,France,180 cm,86 kg,False,47,Tottenham,23,23,1952,Defender,,False,0,4,3,,,1,,,,,,,,,,,,,,,,,4,0,0,,,,,,2004/2005
235,118052,Anders,Svensson,45,Sweden,177 cm,77 kg,False,41,Southampton,27,21,2033,Midfielder,,False,6,5,12,,,3,,,,,,,,,,,,,,,,,0,0,0,,,,,,2004/2005
236,226005,Mikkel,Bischoff,39,Denmark,193 cm,85 kg,False,50,Manchester City,0,0,0,Defender,,False,0,0,1,,,0,,,,,,,,,,,,,,,,,0,0,0,,,,,,2004/2005
237,230821,Youssef,Safri,38,Morocco,180 cm,,False,71,Norwich,17,13,1067,Midfielder,,False,4,7,11,,,1,,,,,,,,,,,,,,,,,4,0,0,,,,,,2004/2005
238,231018,Paul Daniel,Smith,37,England,193 cm,88 kg,False,41,Southampton,6,5,534,Goalkeeper,,False,1,0,22,,,0,,,,,,,,,,,,,,,,,0,0,0,,,,,,2004/2005
239,231503,Neil,Mellor,31,England,184 cm,86 kg,False,40,Liverpool,9,6,478,Attacker,,False,3,4,5,,,2,,,,,,,,,,,,,,,,,0,0,0,,,,,,2004/2005
240,516,Arjen,Robben,37,Netherlands,180 cm,80 kg,False,49,Chelsea,18,14,1258,Attacker,,False,4,7,4,,,7,,,,,,,,,,,,,,,,,5,0,0,,,,,,2004/2005
241,8452,Jelle,Van Damme,37,Belgium,191 cm,90 kg,False,41,Southampton,5,4,346,Defender,,False,1,1,4,,,0,,,,,,,,,,,,,,,,,0,0,0,,,,,,2004/2005
242,51199,Chinedum,Onuoha,35,England,183 cm,78 kg,False,50,Manchester City,17,11,1066,Defender,,False,6,2,16,,,0,,,,,,,,,,,,,,,,,0,0,0,,,,,,2004/2005
243,51298,Timothy Matthew,Howard,42,USA,191 cm,95 kg,False,33,Manchester United,12,12,1080,Goalkeeper,,False,0,0,19,,,0,,,,,,,,,,,,,,,,,0,0,0,,,,,,2004/2005
244,87842,Lee,Croft,36,England,175 cm,81 kg,False,50,Manchester City,7,0,76,Attacker,,False,7,0,8,,,0,,,,,,,,,,,,,,,,,0,0,0,,,,,,2004/2005
245,94031,Quincy,Owusu-Abeyie,30,Ghana,187 cm,79 kg,False,42,Arsenal,1,1,74,Attacker,,False,0,1,3,,,0,,,,,,,,,,,,,,,,,0,0,0,,,,,,2004/2005
246,104129,Kolo Habib,Touré,36,Côte d'Ivoire,180 cm,74 kg,False,42,Arsenal,35,35,3135,Defender,,False,0,1,1,,,0,,,,,,,,,,,,,,,,,1,0,0,,,,,,2004/2005
247,114758,Carlton,Cole Okirie,38,England,191 cm,78 kg,False,66,Aston Villa,27,18,1513,Attacker,,False,9,11,12,,,3,,,,,,,,,,,,,,,,,1,0,0,,,,,,2004/2005
248,114865,Ledley,King,33,England,188 cm,86 kg,False,47,Tottenham,38,38,3420,Defender,,False,0,0,0,,,2,,,,,,,,,,,,,,,,,2,0,0,,,,,,2004/2005
249,115954,David,Bentley,37,England,173 cm,76 kg,False,71,Norwich,26,22,2000,Midfielder,,False,4,9,4,,,2,,,,,,,,,,,,,,,,,6,0,0,,,,,,2004/2005
250,115959,Diomansy,Kamara,41,Senegal,180 cm,72 kg,False,1355,Portsmouth,25,15,1372,Attacker,,False,10,9,11,,,4,,,,,,,,,,,,,,,,,3,0,0,,,,,,2004/2005
251,117003,Frédéric Oumar,Kanouté,36,Mali,192 cm,82 kg,False,47,Tottenham,32,22,2007,Attacker,,False,10,8,10,,,7,,,,,,,,,,,,,,,,,2,0,0,,,,,,2004/2005
252,117089,Jirí,Jarosík,38,Czech Republic,193 cm,87 kg,False,49,Chelsea,14,3,434,Midfielder,,False,11,2,12,,,0,,,,,,,,,,,,,,,,,1,0,0,,,,,,2004/2005
253,117328,Nicky,Weaver,35,England,191 cm,83 kg,False,50,Manchester City,1,0,2,Goalkeeper,,False,1,0,14,,,0,,,,,,,,,,,,,,,,,0,0,0,,,,,,2004/2005
254,117365,Gary,Naysmith,35,Scotland,178 cm,73 kg,False,45,Everton,11,5,481,Defender,,False,6,2,13,,,0,,,,,,,,,,,,,,,,,0,0,0,,,,,,2004/2005
255,117513,Yoann,Folly,36,Togo,175 cm,74 kg,False,41,Southampton,2,1,93,Midfielder,,False,1,2,4,,,0,,,,,,,,,,,,,,,,,0,0,0,,,,,,2004/2005
256,118091,Per Benny Mikael,Nilsson,35,Sweden,183 cm,80 kg,False,41,Southampton,16,12,1002,Midfielder,,False,4,6,6,,,0,,,,,,,,,,,,,,,,,0,0,0,,,,,,2004/2005
257,118157,Scott,Dobie,35,Scotland,185 cm,84 kg,False,60,West Brom,5,1,183,Attacker,,False,4,0,5,,,1,,,,,,,,,,,,,,,,,0,0,0,,,,,,2004/2005
258,232275,Paul,Telfer,43,Scotland,,,False,41,Southampton,29,26,2421,Defender,,False,3,2,7,,,0,,,,,,,,,,,,,,,,,2,0,0,,,,,,2004/2005
259,232494,Collins,John,36,Netherlands,180 cm,79 kg,False,36,Fulham,27,13,1180,Attacker,,False,14,10,17,,,4,,,,,,,,,,,,,,,,,2,0,0,,,,,,2004/2005
260,6929,Steven Vincent,Taylor,35,England,188 cm,91 kg,False,34,Newcastle,13,11,1011,Defender,,False,2,1,4,,,0,,,,,,,,,,,,,,,,,5,0,1,,,,,,2004/2005
261,19092,Martin,Cranie,35,England,183 cm,78 kg,False,41,Southampton,3,3,270,Defender,,False,0,0,2,,,0,,,,,,,,,,,,,,,,,0,0,0,,,,,,2004/2005
262,19238,Stewart,Downing,37,England,180 cm,64 kg,False,70,Middlesbrough,35,28,2697,Midfielder,,False,7,3,8,,,5,,,,,,,,,,,,,,,,,1,0,0,,,,,,2004/2005
263,19332,Wayne,Routledge,36,England,170 cm,64 kg,False,52,Crystal Palace,38,38,3178,Midfielder,,False,0,15,0,,,1,,,,,,,,,,,,,,,,,1,0,0,,,,,,2004/2005
264,19543,Daniel,Fox,35,Scotland,183 cm,79 kg,False,45,Everton,0,0,0,Defender,,False,0,0,1,,,0,,,,,,,,,,,,,,,,,0,0,0,,,,,,2004/2005
265,32995,Jay,Bothroyd,40,England,191 cm,82 kg,False,67,Blackburn,11,6,488,Attacker,,False,5,5,6,,,1,,,,,,,,,,,,,,,,,0,0,1,,,,,,2004/2005
266,46351,James Duncan,Keene,37,England,180 cm,76 kg,False,1355,Portsmouth,2,1,111,Attacker,,False,1,1,2,,,0,,,,,,,,,,,,,,,,,0,0,0,,,,,,2004/2005
267,47034,José Antonio,Reyes Calderón,36,Spain,176 cm,72 kg,False,42,Arsenal,29,25,2017,Midfielder,,False,4,18,5,,,9,,,,,,,,,,,,,,,,,3,0,0,,,,,,2004/2005
268,48059,Kevin,Stuhr-Ellegaard,38,Denmark,196 cm,93 kg,False,50,Manchester City,0,0,0,Goalkeeper,,False,0,0,3,,,0,,,,,,,,,,,,,,,,,0,0,0,,,,,,2004/2005
269,50970,Bradley,Wright-Phillips,36,England,173 cm,70 kg,False,50,Manchester City,14,0,189,Attacker,,False,14,0,26,,,1,,,,,,,,,,,,,,,,,0,0,0,,,,,,2004/2005
270,69261,Joseph Martin,O'Brien,36,Republic of Ireland,180 cm,70 kg,False,68,Bolton,1,0,8,Defender,,False,1,0,1,,,0,,,,,,,,,,,,,,,,,0,0,0,,,,,,2004/2005
271,78738,Ricardo Jorge,Vaz Tê,35,Portugal,188 cm,79 kg,False,68,Bolton,7,1,188,Attacker,,False,6,1,10,,,0,,,,,,,,,,,,,,,,,1,0,0,,,,,,2004/2005
272,87780,Lloyd Ekow,Sam,37,Ghana,173 cm,74 kg,False,1335,Charlton,1,0,14,Attacker,,False,1,0,2,,,0,,,,,,,,,,,,,,,,,0,0,0,,,,,,2004/2005
273,106735,Danny,Crow,35,England,176 cm,83 kg,False,71,Norwich,3,0,40,Attacker,,False,3,0,4,,,0,,,,,,,,,,,,,,,,,0,0,0,,,,,,2004/2005
274,111327,Tal,Ben Haim,39,Israel,183 cm,75 kg,False,68,Bolton,21,19,1751,Defender,,False,2,0,10,,,1,,,,,,,,,,,,,,,,,4,0,0,,,,,,2004/2005
275,115949,James,Beattie,36,England,185 cm,84 kg,False,45,Everton,11,7,567,Attacker,,False,4,4,4,,,1,,,,,,,,,,,,,,,,,1,0,1,,,,,,2004/2005
276,115973,Barry,Ferguson,37,Scotland,178 cm,74 kg,False,67,Blackburn,21,21,1890,Midfielder,,False,0,0,0,,,2,,,,,,,,,,,,,,,,,3,0,0,,,,,,2004/2005
277,124184,Roy,Carroll,44,Northern Ireland,188 cm,80 kg,False,33,Manchester United,26,26,2340,Goalkeeper,,False,0,0,10,,,0,,,,,,,,,,,,,,,,,0,0,0,,,,,,2004/2005
278,135536,Alan,Blayney,39,Northern Ireland,,,False,41,Southampton,1,1,90,Goalkeeper,,False,0,0,11,,,0,,,,,,,,,,,,,,,,,0,0,0,,,,,,2004/2005
279,145607,Giannis,Skopelitis,43,Greece,177 cm,77 kg,False,1355,Portsmouth,13,9,800,Midfielder,,False,4,4,5,,,0,,,,,,,,,,,,,,,,,2,0,0,,,,,,2004/2005
280,1280,Stephan,Maigaard Andersen,40,Denmark,188 cm,80 kg,False,1335,Charlton,2,2,180,Goalkeeper,,False,0,0,36,,,0,,,,,,,,,,,,,,,,,0,0,0,,,,,,2004/2005
281,20731,Anthony,Le Tallec,37,France,185 cm,73 kg,False,40,Liverpool,4,2,218,Attacker,,False,2,0,2,,,0,,,,,,,,,,,,,,,,,0,0,0,,,,,,2004/2005
282,66078,Milan,Baroš,40,Czech Republic,183 cm,83 kg,False,40,Liverpool,26,22,1867,Attacker,,False,4,12,4,,,9,,,,,,,,,,,,,,,,,2,0,1,,,,,,2004/2005
283,85688,Alaeddine,Yahia,40,Tunisia,187 cm,81 kg,False,41,Southampton,0,0,0,Defender,,False,0,0,1,,,0,,,,,,,,,,,,,,,,,0,0,0,,,,,,2004/2005
284,90514,Joey,Barton,35,England,172 cm,70 kg,False,50,Manchester City,31,28,2502,Midfielder,,False,3,3,4,,,1,,,,,,,,,,,,,,,,,9,0,0,,,,,,2004/2005
285,102748,Joe,Cole,40,England,175 cm,63 kg,False,49,Chelsea,28,19,1635,Midfielder,,False,9,15,11,,,8,,,,,,,,,,,,,,,,,5,0,0,,,,,,2004/2005
286,104780,Philippe,Senderos,36,Switzerland,190 cm,84 kg,False,42,Arsenal,13,12,1088,Defender,,False,1,0,12,,,0,,,,,,,,,,,,,,,,,1,0,0,,,,,,2004/2005
287,104839,Tiago,Cardoso Mendes,36,Portugal,183 cm,75 kg,False,49,Chelsea,34,21,1967,Midfielder,,False,13,10,13,,,4,,,,,,,,,,,,,,,,,4,0,0,,,,,,2004/2005
288,113670,Adrian,Mutu,37,Romania,180 cm,79 kg,False,49,Chelsea,2,0,44,Attacker,,False,2,0,3,,,0,,,,,,,,,,,,,,,,,0,0,0,,,,,,2004/2005
289,113701,David,Bellion,39,France,181 cm,78 kg,False,33,Manchester United,10,1,207,Attacker,,False,9,1,15,,,2,,,,,,,,,,,,,,,,,0,0,0,,,,,,2004/2005
290,113811,Djimi,Traoré,41,Mali,190 cm,83 kg,False,40,Liverpool,26,18,1770,Defender,,False,8,2,12,,,0,,,,,,,,,,,,,,,,,1,0,0,,,,,,2004/2005
291,115945,Boudewijn,Zenden,37,Netherlands,174 cm,70 kg,False,70,Middlesbrough,36,36,3087,Midfielder,,False,0,8,0,,,5,,,,,,,,,,,,,,,,,8,0,0,,,,,,2004/2005
292,115962,El-Hadji Ousseynou,Diouf,40,Senegal,180 cm,75 kg,False,68,Bolton,27,23,2051,Attacker,,False,4,12,4,,,9,,,,,,,,,,,,,,,,,8,0,0,,,,,,2004/2005
293,116005,Joseph-Desire,Job,36,Cameroon,178 cm,70 kg,False,70,Middlesbrough,21,10,991,Attacker,,False,11,7,17,,,4,,,,,,,,,,,,,,,,,0,0,0,,,,,,2004/2005
294,116663,Pedro Miguel,da Silva Mendes,42,Portugal,177 cm,77 kg,False,47,Tottenham,24,22,1949,Midfielder,,False,2,4,2,,,1,,,,,,,,,,,,,,,,,2,0,0,,,,,,2004/2005
295,117522,David,Weir,43,Scotland,191 cm,85 kg,False,45,Everton,34,34,3034,Defender,,False,0,1,2,,,1,,,,,,,,,,,,,,,,,3,0,0,,,,,,2004/2005
296,118127,Jean-Alain,Boumsong Somkong,34,France,190 cm,88 kg,False,34,Newcastle,14,14,1237,Defender,,False,0,1,0,,,0,,,,,,,,,,,,,,,,,0,0,0,,,,,,2004/2005
297,230965,Papa Bouba,Diop,43,Senegal,194 cm,94 kg,False,36,Fulham,29,29,2530,Midfielder,,False,0,3,0,,,6,,,,,,,,,,,,,,,,,6,0,1,,,,,,2004/2005
298,249350,Mathieu,Berson,33,France,180 cm,73 kg,False,66,Aston Villa,11,7,629,Midfielder,,False,4,4,14,,,0,,,,,,,,,,,,,,,,,2,0,0,,,,,,2004/2005
299,258155,Henri,Camara,44,Senegal,176 cm,67 kg,False,41,Southampton,12,10,892,Attacker,,False,2,4,4,,,4,,,,,,,,,,,,,,,,,2,0,0,,,,,,2004/2005
300,296,James Philip,Milner,36,England,175 cm,70 kg,False,34,Newcastle,25,13,1261,Midfielder,,False,12,8,18,,,1,,,,,,,,,,,,,,,,,0,0,0,,,,,,2004/2005
301,1436,Petr,Čech,40,Czech Republic,196 cm,90 kg,False,49,Chelsea,35,35,3150,Goalkeeper,,False,0,0,2,,,0,,,,,,,,,,,,,,,,,0,0,0,,,,,,2004/2005
302,2859,Bengt Ulf Sebastian,Larsson,37,Sweden,178 cm,70 kg,False,42,Arsenal,3,3,0,Midfielder,,False,0,0,2,,,0,,,,,,,,,,,,,,,,,0,0,0,,,,,,2004/2005
303,15390,Matthew Anthony,Derbyshire,36,England,178 cm,71 kg,False,67,Blackburn,1,0,8,Attacker,,False,1,0,1,,,0,,,,,,,,,,,,,,,,,0,0,0,,,,,,2004/2005
304,19197,Scott,Carson,37,England,183 cm,85 kg,False,40,Liverpool,4,4,360,Goalkeeper,,False,0,0,11,,,0,,,,,,,,,,,,,,,,,0,0,0,,,,,,2004/2005
305,39358,Morten,Gamst Pedersen,41,Norway,183 cm,74 kg,False,67,Blackburn,20,19,1549,Midfielder,,False,1,8,9,,,4,,,,,,,,,,,,,,,,,1,0,0,,,,,,2004/2005
306,44802,Joseph Peter,Lewis,35,England,198 cm,85 kg,False,71,Norwich,0,0,0,Goalkeeper,,False,0,0,2,,,0,,,,,,,,,,,,,,,,,0,0,0,,,,,,2004/2005
307,45054,Liam,Vaughan Henry Fontaine,36,England,188 cm,74 kg,False,36,Fulham,1,0,0,Defender,,False,1,0,2,,,0,,,,,,,,,,,,,,,,,0,0,0,,,,,,2004/2005
308,53162,Paul Anthony,Harrison,38,England,183 cm,83 kg,False,40,Liverpool,0,0,0,Goalkeeper,,False,0,0,9,,,0,,,,,,,,,,,,,,,,,0,0,0,,,,,,2004/2005
309,87295,Steed,Malbranque,42,France,171 cm,75 kg,False,36,Fulham,26,22,1888,Midfielder,,False,4,7,5,,,6,,,,,,,,,,,,,,,,,0,0,0,,,,,,2004/2005
310,91964,Junichi,Inamoto,43,Japan,181 cm,77 kg,False,60,West Brom,3,0,118,Midfielder,,False,3,0,5,,,0,,,,,,,,,,,,,,,,,0,0,0,,,,,,2004/2005
311,100726,Florent,Sinama-Pongolle,34,France,176 cm,69 kg,False,40,Liverpool,16,6,660,Attacker,,False,10,3,12,,,2,,,,,,,,,,,,,,,,,1,0,0,,,,,,2004/2005
312,110275,Zeshan,Rehman,37,Pakistan,189 cm,84 kg,False,36,Fulham,15,15,1341,Midfielder,,False,0,1,12,,,0,,,,,,,,,,,,,,,,,4,0,0,,,,,,2004/2005
313,110391,Diego,Forlán Corazo,39,Uruguay,180 cm,75 kg,False,33,Manchester United,1,0,17,Attacker,,False,1,0,1,,,0,,,,,,,,,,,,,,,,,0,0,0,,,,,,2004/2005
314,113823,Carlos Manuel,Bocanegra,35,USA,183 cm,78 kg,False,36,Fulham,28,26,2374,Defender,,False,2,0,9,,,1,,,,,,,,,,,,,,,,,4,0,0,,,,,,2004/2005
315,113868,Claude,Makelele,40,France,174 cm,70 kg,False,49,Chelsea,36,36,3240,Midfielder,,False,0,2,0,,,1,,,,,,,,,,,,,,,,,6,0,0,,,,,,2004/2005
316,113912,Mateja,Kezman,34,Serbia,182 cm,74 kg,False,49,Chelsea,25,6,743,Attacker,,False,19,5,25,,,4,,,,,,,,,,,,,,,,,3,0,0,,,,,,2004/2005
317,115707,Gonzalo,Sorondo Amaro,42,Uruguay,190 cm,82 kg,False,52,Crystal Palace,20,16,1356,Defender,,False,4,2,5,,,0,,,,,,,,,,,,,,,,,3,0,2,,,,,,2004/2005
318,117006,Walter Gerardo,Pandiani Urquiza,40,Uruguay,184 cm,74 kg,False,54,Birmingham,14,13,1042,Attacker,,False,1,10,1,,,4,,,,,,,,,,,,,,,,,2,0,0,,,,,,2004/2005
319,118126,Mario,Melchiot,37,Netherlands,187 cm,74 kg,False,54,Birmingham,34,33,2843,Defender,,False,1,4,1,,,1,,,,,,,,,,,,,,,,,3,0,0,,,,,,2004/2005
320,108,Francesc,Fàbregas i Soler,35,Spain,180 cm,77 kg,False,42,Arsenal,33,24,2131,Midfielder,,False,9,12,12,,,2,,,,,,,,,,,,,,,,,4,0,0,,,,,,2004/2005
321,874,Cristiano Ronaldo,dos Santos Aveiro,37,Portugal,187 cm,83 kg,False,33,Manchester United,33,25,2424,Attacker,,False,8,9,10,,,5,,,,,,,,,,,,,,,,,3,0,0,,,,,,2004/2005
322,1749,Steven,Davis,37,Northern Ireland,173 cm,70 kg,False,66,Aston Villa,28,19,1891,Midfielder,,False,9,0,13,,,1,,,,,,,,,,,,,,,,,2,0,0,,,,,,2004/2005
323,1758,Jermain Colin,Defoe,40,England,171 cm,65 kg,False,47,Tottenham,35,28,2528,Attacker,,False,7,10,7,,,13,,,,,,,,,,,,,,,,,5,0,0,,,,,,2004/2005
324,17387,Joseph,Murphy,41,Republic of Ireland,188 cm,80 kg,False,60,West Brom,0,0,0,Goalkeeper,,False,0,0,1,,,0,,,,,,,,,,,,,,,,,0,0,0,,,,,,2004/2005
325,17638,Michael Anthony,Timlin,37,Republic of Ireland,176 cm,77 kg,False,36,Fulham,0,0,0,Midfielder,,False,0,0,1,,,0,,,,,,,,,,,,,,,,,0,0,0,,,,,,2004/2005
326,17666,Jason Brian,Kennedy,36,England,185 cm,74 kg,False,70,Middlesbrough,0,0,0,Midfielder,,False,0,0,2,,,0,,,,,,,,,,,,,,,,,0,0,0,,,,,,2004/2005
327,17681,Nicholas Brett,Hunt,39,England,185 cm,86 kg,False,68,Bolton,29,29,2412,Defender,,False,0,5,0,,,0,,,,,,,,,,,,,,,,,5,0,0,,,,,,2004/2005
328,18222,Ross Daniel,Flitney,38,England,191 cm,75 kg,False,36,Fulham,0,0,0,Goalkeeper,,False,0,0,4,,,0,,,,,,,,,,,,,,,,,0,0,0,,,,,,2004/2005
329,19303,Benjamin,Watson,37,England,178 cm,68 kg,False,52,Crystal Palace,20,15,1307,Midfielder,,False,5,6,7,,,0,,,,,,,,,,,,,,,,,3,0,0,,,,,,2004/2005
330,19697,David,Wheater,35,England,196 cm,81 kg,False,70,Middlesbrough,0,0,0,Defender,,False,0,0,4,,,0,,,,,,,,,,,,,,,,,0,0,0,,,,,,2004/2005
331,20134,Barry Marc,Fuller,38,England,178 cm,74 kg,False,1335,Charlton,0,0,0,Defender,,False,0,0,3,,,0,,,,,,,,,,,,,,,,,0,0,0,,,,,,2004/2005
332,20252,Ian,Henderson,37,England,179 cm,67 kg,False,71,Norwich,3,0,54,Attacker,,False,3,0,4,,,0,,,,,,,,,,,,,,,,,0,0,0,,,,,,2004/2005
333,20301,Anthony Paul Shaun Andrew Daur,Grant,35,Jamaica,178 cm,71 kg,False,49,Chelsea,1,0,0,Midfielder,,False,1,0,2,,,0,,,,,,,,,,,,,,,,,0,0,0,,,,,,2004/2005
334,49840,Gaël Dimitri,Clichy,37,France,176 cm,65 kg,False,42,Arsenal,15,7,774,Defender,,False,8,0,11,,,0,,,,,,,,,,,,,,,,,2,0,0,,,,,,2004/2005
335,51128,Reto,Ziegler,36,Switzerland,183 cm,79 kg,False,47,Tottenham,23,12,1091,Defender,,False,11,8,15,,,1,,,,,,,,,,,,,,,,,1,0,0,,,,,,2004/2005
336,82029,John,Welsh,38,England,170 cm,73 kg,False,40,Liverpool,3,2,175,Midfielder,,False,1,1,2,,,0,,,,,,,,,,,,,,,,,0,0,0,,,,,,2004/2005
337,82591,David Haydn,Raven,37,England,183 cm,73 kg,False,40,Liverpool,1,0,23,Defender,,False,1,0,2,,,0,,,,,,,,,,,,,,,,,0,0,0,,,,,,2004/2005
338,155103,Jon,Macken,45,Republic of Ireland,178 cm,78 kg,False,50,Manchester City,23,16,1393,Attacker,,False,7,12,12,,,1,,,,,,,,,,,,,,,,,0,0,0,,,,,,2004/2005
339,280628,Jamie,McClen,43,England,170 cm,,False,34,Newcastle,0,0,0,Midfielder,,False,0,0,1,,,0,,,,,,,,,,,,,,,,,0,0,0,,,,,,2004/2005
340,44297,Bradley Scott,Jones,40,Australia,194 cm,76 kg,False,70,Middlesbrough,5,5,450,Goalkeeper,,False,0,0,2,,,0,,,,,,,,,,,,,,,,,0,0,0,,,,,,2004/2005
